Id_content,name,ingredients,steps,benefit,image,month
content-1,Jus Jambu Guava,3 buah jambu guava matang<br>200 ml air dingin<br>1 sendok makan madu (opsional)<br>Es batu secukupnya<br>,Cuci bersih jambu guava dan potong-potong menjadi beberapa bagian kecil.<br>Blender potongan jambu guava dengan air dingin hingga halus.<br>Tambahkan madu jika diinginkan.<br>Saring jus dan tuangkan ke dalam gelas.<br>Tambahkan es batu dan sajikan.<br>,"Jus jambu guava kaya akan vitamin C, serat, dan antioksidan yang dapat meningkatkan sistem kekebalan tubuh dan memperbaiki pencernaan.",https://tinyurl.com/3mkcmf24,3
content-2,Smoothie Jambu Guava,2 buah jambu guava matang<br>1 buah pisang<br>100 ml yogurt plain<br>100 ml susu almond<br>Es batu secukupnya<br>,Kupas dan potong jambu guava dan pisang.<br>Masukkan potongan buah ke dalam blender bersama yogurt dan susu almond.<br>Blender hingga halus dan creamy.<br>Tambahkan es batu dan blender kembali hingga es hancur.<br>Tuang smoothie ke dalam gelas dan nikmati.<br>,Smoothie jambu guava mengandung serat dan nutrisi penting yang baik untuk kesehatan pencernaan dan meningkatkan energi,https://tinyurl.com/5z9arc47,3
content-3,Selai Jambu Guava,500 gram jambu guava matang<br>200 gram gula pasir<br>1 sendok makan air lemon<br>,Kupas jambu guava dan potong-potong menjadi bagian kecil.<br>Masukkan jambu guava ke dalam panci bersama dengan gula pasir dan air lemon.<br>Masak dengan api sedang sambil diaduk hingga buah hancur dan selai mengental.<br>Dinginkan sebelum disimpan dalam wadah bersih.<br>,Selai jambu guava merupakan cara yang lezat untuk menyantap buah jambu guava dan dapat digunakan sebagai selai untuk roti atau topping untuk yogurt.,https://tinyurl.com/mrxtnhdt,3
content-4,Smoothie Bowl Jambu Guava,"2 buah jambu guava matang<br>1 buah pisang beku<br>100 ml susu almond<br>Topping (granola, potongan buah segar, biji chia) secukupnya<br>","Blender jambu guava, pisang, dan susu almond hingga halus dan kental.<br>Tuang smoothie ke dalam mangkuk.<br>Tambahkan topping sesuai selera.<br>","Smoothie bowl jambu guava adalah sarapan yang sehat dan lezat yang kaya akan serat, vitamin, dan antioksidan.",https://tinyurl.com/mryf3x5j,3
content-5,Smoothie Jambu Guava dan Kelapa,2 buah jambu guava matang<br>50 gram kelapa parut<br>200 ml air kelapa<br>Es batu secukupnya<br>,"Blender jambu guava, kelapa parut, dan air kelapa hingga halus dan kental.<br>Tambahkan es batu dan blender hingga halus.<br>Tuang smoothie ke dalam gelas dan sajikan segera.<br>",Smoothie jambu guava dan kelapa memberikan rasa tropis yang menyegarkan sambil memberikan nutrisi dan serat yang tinggi.,https://tinyurl.com/2s37vx5u,2
content-6,Smoothie Salak dan Pisang,2 buah salak (dikupas dan dipotong-potong)<br>1 buah pisang matang<br>100 ml yogurt plain<br>100 ml susu almond<br>Es batu secukupnya<br>,"Blender salak, pisang, yogurt, dan susu almond hingga halus dan kental.<br>Tambahkan es batu dan blender lagi hingga smoothie menjadi dingin dan lembut.<br>Tuang ke dalam gelas dan nikmati.<br>","Smoothie salak dan pisang kaya akan serat dan vitamin, baik untuk pencernaan dan menjaga kesehatan jantung.",https://tinyurl.com/y7ph3uww,4
content-7,Jus Salak,3 buah salak (dikupas dan dipotong-potong)<br>200 ml air kelapa<br>Es batu secukupnya<br>,Blender potongan salak dengan air kelapa hingga halus dan kental.<br>Saring jus untuk menghilangkan serat kasar.<br>Tuangkan jus ke dalam gelas yang berisi es batu dan sajikan segera.<br>,"Jus salak segar adalah minuman yang menyegarkan dan kaya akan vitamin dan mineral, baik untuk menjaga hidrasi dan kesehatan kulit.",https://tinyurl.com/yefpfadu,4
content-8,Pudding Salak,"500 gram salak, kupas dan buang bijinya<br>100 gram gula pasir<br>600 ml santan kental<br>2 butir telur<br>2 sdm tepung maizena<br>1/2 sdt garam<br>1 lembar daun pandan (opsional)<br>2 sdm gula merah, sisir halus (opsional)<br>","Haluskan salak dengan cara memasukkannya ke dalam blender dan haluskan hingga teksturnya halus.<br>Dalam panci, campurkan santan, gula pasir, telur, tepung maizena, garam, dan daun pandan (jika menggunakan). Aduk rata hingga semua bahan tercampur.<br>Nyalakan api sedang dan masak campuran santan sambil terus diaduk agar tidak menggumpal. Masak hingga adonan mengental dan mulai mendidih.<br>Matikan api dan masukkan salak halus ke dalam adonan puding. Aduk rata hingga tercampur sempurna.<br>Tuang adonan puding ke dalam cetakan yang sudah disiapkan.<br>Kukus puding selama 30-40 menit dengan api sedang.<br>Tunggu puding hingga dingin dan set.<br>Sajikan puding salak dengan topping gula merah sisir halus (jika menggunakan) dan nikmati kesegarannya.<br>","Haluskan salak dengan cara memasukkannya ke dalam blender dan haluskan hingga teksturnya halus. Dalam panci, campurkan santan, gula pasir, telur, tepung maizena, garam, dan daun pandan (jika menggunakan). Aduk rata hingga semua bahan tercampur. Nyalakan api sedang dan masak campuran santan sambil terus diaduk agar tidak menggumpal. Masak hingga adonan mengental dan mulai mendidih. Matikan api dan masukkan salak halus ke dalam adonan puding. Aduk rata hingga tercampur sempurna. Tuang adonan puding ke dalam cetakan yang sudah disiapkan. Kukus puding selama 30-40 menit dengan api sedang. Tunggu puding hingga dingin dan set. Sajikan puding salak dengan topping gula merah sisir halus (jika menggunakan) dan nikmati kesegarannya.",https://tinyurl.com/y9khfr73,4
content-9,Jus Sirsak Segar,2 buah sirsak (buang biji dan kulit)<br>300 ml air<br>1 sdm madu (opsional)<br>Es batu secukupnya<br>,Haluskan sirsak dan air dalam blender.<br>Saring jus untuk menghilangkan biji dan serat kasar.<br>Tambahkan madu (jika menggunakan) dan es batu.<br>Aduk rata dan sajikan segera.<br>,"Meningkatkan daya tahan tubuh, melancarkan pencernaan, dan membantu mengontrol gula darah.",https://tinyurl.com/bdfc2anu,4
content-10,Es Krim Sirsak,2 buah sirsak (buang biji dan kulit)<br> 200 ml santan kental<br> 100 ml susu full cream<br> 50 gram gula pasir<br> 1/2 sdt vanili bubuk<br> 1/4 sdt garam<br>,"Haluskan sirsak, santan, susu, gula pasir, vanili, dan garam dalam blender.<br> Tuang adonan ke dalam wadah dan bekukan di dalam freezer minimal 4 jam.<br> Aduk es krim setiap 30 menit sekali agar teksturnya halus.<br> Sajikan es krim sirsak dengan topping favorit, seperti potongan buah, saus cokelat, atau kacang almond.<br>","Menyegarkan tubuh, meredakan panas dalam, mengatasi  penyakit jantung ",https://tinyurl.com/2vjtp82m,3
content-11,Es Jeruk Nipis Manis,3 buah jeruk nipis (peras airnya)<br> 50 gram gula pasir<br> Es batu secukupnya<br>,"Peras air dari jeruk nipis dan saring untuk menghilangkan biji.<br> Campurkan jus jeruk nipis dan gula pasir dalam mangkuk, aduk hingga gula larut.<br> Tambahkan es batu dan aduk rata.<br> Sajikan segera.<br>","Menyegarkan, kaya akan vitamin C, dan cocok sebagai pencuci mulut",https://tinyurl.com/yc6jz6dv,4
content-12,Es Kuwut Mentimun Jeruk Nipis,"1 buah kelapa muda, ambil air dan serut/keruk dagingnya<br>200 gr buah melon, serut<br>1 buah mentimun, serut<br>2 sdm biji selasih<br>2 buah jeruk nipis<br>100 gr gula pasir<br>Air dan es batu secukupnya<br>","Rebus 150 ml air, masukkan gula, masak hingga gula larut dan mendidih. Dinginkan gula cair.<br> Seduh biji selasih dengan air panas secukupnya. Diamkan hingga mengembang.<br> Masukkan kelapa muda, melon, mentimun, dan biji selasih di dalam gelas.<br> Tuangkan dengan gula cair.<br> Beri perasan jeruk nipis dan tuang air kelapa dan es batu secukupnya.<br>","Es Kuwut Mentimun Melon adalah minuman segar yang terdiri dari campuran kelapa muda, melon, dan mentimun yang disajikan dengan tambahan biji selasih dan perasan jeruk nipis. Minuman ini kaya akan nutrisi dan manfaat, termasuk menghidrasi tubuh, menyediakan antioksidan dari jeruk nipis, serta meningkatkan pencernaan berkat kandungan serat dalam buah-buahan",https://tinyurl.com/y7y95rfd,3
content-13,Es Krim Durian,300 gram daging durian <br> 250 ml susu cair <br> 100 gram gula pasir <br> 3 butir kuning telur <br> 1 sendok teh vanila ekstrak <br> sejumput garam,"1 buah durian dan keluarkan dagingnya, lalu haluskan daging durian dengan blender <br> Dalam panci sedang, campurkan susu cair dan krim kental <br> panaskan dengan api sedang sampai campuran mendidih, lalu angkat dengan rapip <br> Dalam mangkuk terpisah, kocok kuning telur dan gula pasir hingga warnanya menjadi lebih pucat dan teksturnya lembut <br> Tuang sedikit campuran susu panas ke dalam kuning telur yang telah dikocok sambil terus diaduk <br> Kembali tuangkan campuran kuning telur yang sudah hangat ini ke dalam panci dengan sisa campuran susu dan krim, aduk rata <br> Masak campuran ini dengan api kecil sambil terus diaduk hingga mengental sedikit (sekitar 5-7 menit). Jangan biarkan campuran mendidih <br> Biarkan campuran krim ini mendingin hingga suhu kamar.<br> Setelah dingin, tambahkan puree durian yang telah disiapkan. Aduk hingga semua bahan tercampur rata <br> tuang campuran ke dalam wadah tahan beku. Bekukan selama 1 jam, lalu keluarkan dan aduk dengan garpu atau blender tangan untuk menghancurkan kristal es. Ulangi proses ini setiap 30 menit hingga es krim mencapai tekstur yang lembut dan halus (biasanya butuh 3-4 kali pengadukan).<br>Setelah mencapai konsistensi yang diinginkan, es krim durian siap disajikan.","Durian mengandung asam amino triptofan, yang merupakan prekursor serotonin, neurotransmitter yang bertanggung jawab untuk mood dan perasaan bahagia. Mengonsumsi es krim durian dapat membantu meningkatkan mood dan mengurangi stres.",https://tinyurl.com/bdemnby8,2
content-14,Teh Telang Segar,400 ml air<br> 5-7 keping bunga telang kering<br> 1 lembar daun pandan<br> 1 batang serai<br> 1 buah jeruk nipis<br> Gula secukupnya<br> Es batu secukupnya<br>,"Iris tipis serai dan daun pandan. Rebus bersama 500 ml air.<br> Jika aromanya sudah harum, masukkan bunga telang kering, aduk hingga warnanya kebiruan.<br> Saring air teh ke dalam gelas, tambahkan gula secukupnya, aduk hingga larut. Tambahkan es batu secukupnya.<br> Beri perasan jeruk nipis agar lebih segar, dan warnanya akan berubah menjadi ungu. Sajikan.<br>",minum minuman yang mampu menurunkan kolesterol seperti jeruk nipis,https://tinyurl.com/2wnfz3y8,4
content-15,Pepaya dengan Jeruk dan Mint,"1/2 pepaya matang, kupas, buang bijinya, dan potong-potong<br> 2 buah jeruk, kupas dan potong-potong<br> Daun mint segar, secukupnya<br> Madu atau gula (opsional, untuk menambahkan sedikit manis)<br>",Campur potongan pepaya dan potongan jeruk dalam mangkuk besar.<br> Taburkan daun mint segar di atasnya.<br> Teteskan madu atau gula sesuai selera.<br> Aduk semua bahan dengan lembut.<br> Sajikan sebagai hidangan penutup yang segar dan sehat.<br>,"Pepaya juga mengandung senyawa anti-inflamasi yang dapat membantu mengurangi peradangan dalam tubuh. Peradangan kronis dapat merusak arteri dan meningkatkan risiko penyakit jantung. Dengan mengurangi peradangan, pepaya dapat berkontribusi pada kesehatan jantung yang baik.",https://tinyurl.com/59x75yfm,3
content-16,Pepaya dengan Yogurt dan Biji Chia,"1/2 pepaya matang, kupas, buang bijinya, dan potong-potong<br> 1 cangkir yogurt rendah lemak atau yogurt Greek<br> 1 sendok makan biji chia<br> Madu atau gula (opsional, untuk menambahkan sedikit manis)<br> Sejumput kayu manis bubuk (opsional)<br>","Letakkan potongan pepaya dalam mangkuk atau piring saji.<br> Tuangkan yogurt di atas pepaya.<br> Taburkan biji chia di atas yogurt.<br> Teteskan madu atau gula sesuai selera.<br> Jika suka, taburkan kayu manis bubuk di atasnya.<br> Sajikan segera.<br>","Pepaya kaya akan vitamin A, C, dan E, serta kalium dan folat. Yogurt mengandung protein, kalsium, dan probiotik yang bermanfaat untuk kesehatan pencernaan. Biji chia kaya akan serat, omega-3, dan antioksidan",https://tinyurl.com/na74md84,4
content-17,Pepaya Panggang dengan Kayu Manis dan Madu,"1 buah pepaya matang, dibelah dua dan dibuang bijinya<br> 1 sendok makan madu<br> 1/2 sendok teh bubuk kayu manis<br> Sejumput garam (opsional)<br>","Panaskan oven terlebih dahulu hingga 180°C (350°F).<br> Lapisi loyang dengan kertas roti.<br> Letakkan potongan pepaya di atas loyang.<br> Taburkan bubuk kayu manis dan garam (jika menggunakan) secara merata di atas pepaya.<br> Siramkan madu di atas pepaya.<br> Panggang selama 15-20 menit, atau sampai pepaya lunak dan berwarna kecoklatan.<br> Keluarkan pepaya panggang dari oven dan biarkan sedikit mendingin sebelum disajikan.<br>",Pepaya mengandung enzim papain yang membantu melancarkan pencernaan. Serat dalam pepaya membantu mencegah sembeli,https://tinyurl.com/cxrehupn,5
content-18,Lodeh pepaya muda,"1 buah pepaya muda, diiris<br> Bawang merah<br> Bawang putih<br> Kunyit<br> Cabe besar<br> Cabe kecil<br> Grago/udang kering<br> Micin<br> Garam<br> Gula<br> Irisan tahu tempe<br> Irisan cabe hijau<br> Minyak untuk menumis<br> Santan<br>","Tumis pepaya yang sudah diiris.<br>Tumis bumbu kemudian ulek kasar.<br>Didihkan air, masukkan bumbu dan tumisan pepaya.<br>Tunggu sampai mendidih dan siap disajikan.<br>","pepaya muda juga memiliki kandungan nutrisi yang baik untuk kesehatan tubuh. Buah ini kaya akan vitamin C, vitamin A, serat, dan enzim papain yang baik untuk pencernaan",https://tinyurl.com/yc3j7es6,1
content-19,Asinan Duku,15 buah duku<br> 7 buah caberawit<br> 8 sdm gula pasir<br> Secukupnya asam jawa<br> 250 ml air<br>,"Siapkan semua bahan, ulek kasar caberawitnya.<br>Campurkan air, asam, gula, dan caberawit yang diulek tadi. Masak sampai mendidih.<br>Kupas buah duku, masukkan dalam wadah kemudian siram dengan kuah asinan yang sudah mendidih tadi. Masukkan dalam kulkas.<br>","Duku mengandung vitamin C yang tinggi, yang baik untuk meningkatkan sistem kekebalan tubuh dan menjaga kesehatan kulit dan Caberawit (cabe rawit) mengandung senyawa capsaicin yang merupakan antioksidan alami yang dapat melawan radikal bebas dalam tubuh.",https://tinyurl.com/yhryanbw,3
content-20,Rujak Kendodong,"3 buah kedondong, kupas dan potong-potong<br> 1 sdm gula merah<br> 1 sdm air asam jawa<br> 1 sdt garam<br> 2 buah cabai rawit, ulek kasar<br> 1 sdt terasi bakar<br>","Campur gula merah, air asam jawa, garam, cabai rawit, dan terasi bakar dalam mangkuk.<br>Aduk hingga semua bahan tercampur rata.<br>Masukkan potongan kedondong, aduk hingga semua buah terbalut bumbu.<br>Sajikan sebagai camilan segar.<br>"," Menyegarkan tubuh, kaya akan serat",https://tinyurl.com/y5u7c9a2,3
content-21,Manisan Kedondong,"500 gram kedondong, kupas dan iris tipis<br> 200 gram gula pasir<br> 1 liter air<br> 1 sdm kapur sirih<br>","Rendam irisan kedondong dalam air kapur sirih selama 1 jam, cuci bersih.<br> Rebus air dan gula pasir hingga mendidih.<br> Masukkan irisan kedondong, masak hingga gula meresap dan air menyusut.<br> Dinginkan dan simpan dalam wadah kedap udara.<br>","Menambah energi, kaya vitamin C, dan mengandung antioksidan.",https://tinyurl.com/mnw2vhpz,3
content-21,Jus Pisang dan Bayam,"2 buah pisang matang, kupas dan potong-potong<br> 1 cangkir daun bayam segar<br> 1/2 cangkir yogurt rendah lemak<br> 1/2 cangkir air<br> 1 sdm madu (opsional)<br> Es batu secukupnya<br>","Masukkan potongan pisang, daun bayam, yogurt, air, dan madu ke dalam blender.<br> Blender hingga halus dan rata.<br> Tambahkan es batu dan blender kembali hingga es hancur dan jus menjadi dingin.<br> Tuang jus ke dalam gelas dan sajikan segera.<br>","Kaya akan serat, vitamin A, vitamin C, dan zat besi; baik untuk pencernaan, kesehatan mata, dan meningkatkan energi.",https://tinyurl.com/mwwc6ayc,4
content-21,Jus Pisang dan Stroberi,"2 buah pisang matang, kupas dan potong-potong<br>1 cangkir stroberi segar, buang tangkainya<br>1 cangkir susu rendah lemak atau susu almond<br>1 sdm madu (opsional)<br>Es batu secukupnya<br>","Masukkan potongan pisang, stroberi, susu, dan madu ke dalam blender.<br> Blender hingga halus dan rata.<br> Tambahkan es batu dan blender kembali hingga es hancur dan jus menjadi dingin.<br> Tuang jus ke dalam gelas dan sajikan segera.<br>","Kaya akan antioksidan, vitamin C, dan serat; baik untuk kesehatan jantung, meningkatkan sistem kekebalan tubuh, dan membantu pencernaan.",https://tinyurl.com/2bnpkava,3
content-22,Jus Mangga dan Pisang,"2 buah pisang matang, kupas dan potong-potong<br> 1 buah mangga matang, kupas dan potong-potong<br> 1 cangkir jus jeruk segar<br> 1/2 cangkir air<br> Es batu secukupnya<br>","Masukkan potongan pisang, mangga, jus jeruk, dan air ke dalam blender.<br> Blender hingga halus dan rata.<br> Tambahkan es batu dan blender kembali hingga es hancur dan jus menjadi dingin.<br> Tuang jus ke dalam gelas dan sajikan segera.<br>","Kaya akan vitamin A, vitamin C, dan serat; baik untuk kesehatan kulit, meningkatkan sistem kekebalan tubuh, dan pencernaan.",https://tinyurl.com/mrz55maj,10
content-23,Jus Pisang dan Blueberry,"2 buah pisang matang, kupas dan potong-potong<br> 1 cangkir blueberry segar atau beku<br> 1 cangkir susu rendah lemak atau susu almond<br> 1 sdm madu (opsional)<br> Es batu secukupnya<br>","Masukkan potongan pisang, blueberry, susu, dan madu ke dalam blender.<br> Blender hingga halus dan rata.<br> Tambahkan es batu dan blender kembali hingga es hancur dan jus menjadi dingin.<br> Tuang jus ke dalam gelas dan sajikan segera.<br>","Kaya akan antioksidan, vitamin C, dan serat; baik untuk kesehatan otak, jantung, dan pencernaan",https://tinyurl.com/yc3uchuh,4
content-24,Jus Jambu Biji dan Bayam,"2 buah jambu biji, kupas dan potong-potong<br> 1 cangkir daun bayam segar<br> 1/2 cangkir air kelapa<br> 1 sdm madu (opsional)<br> Es batu secukupnya<br>","Masukkan potongan jambu guava, daun bayam, air kelapa, dan madu ke dalam blender.<br> Blender hingga halus dan rata.<br> Tambahkan es batu dan blender kembali hingga es hancur dan jus menjadi dingin.<br> Tuang jus ke dalam gelas dan sajikan segera.<br>","Kaya akan vitamin C, vitamin A, serat, dan antioksidan; baik untuk kesehatan mata, kulit, dan sistem kekebalan tubuh.",https://tinyurl.com/cphch5uj,3
content-25,Jus Jambu Guava dan Wortel,"2 buah jambu guava, kupas dan potong-potong<br> 2 buah wortel, kupas dan potong-potong<br> 1 cangkir jus jeruk segar<br> Es batu secukupnya<br>","Masukkan potongan jambu guava, wortel, dan jus jeruk ke dalam blender.<br> Blender hingga halus dan rata.<br> Tambahkan es batu dan blender kembali hingga es hancur dan jus menjadi dingin.<br> Tuang jus ke dalam gelas dan sajikan segera.<br>","Kaya akan vitamin C, beta-karoten, dan serat; baik untuk kesehatan mata, kulit, dan meningkatkan sistem kekebalan tubuh.",https://tinyurl.com/32fe26ac,3
content-26,Jus Jambu Guava dan Timun,"2 buah jambu guava, kupas dan potong-potong<br> 1 buah timun, kupas dan potong-potong<br> 1/2 cangkir air kelapa<br> 1 sdm jus lemon segar<br> Es batu secukupnya<br>","Masukkan potongan jambu guava, timun, air kelapa, dan jus lemon ke dalam blender.<br> Blender hingga halus dan rata.<br> Tambahkan es batu dan blender kembali hingga es hancur dan jus menjadi dingin.<br> Tuang jus ke dalam gelas dan sajikan segera.<br>","Kaya akan vitamin C, air, dan antioksidan; baik untuk hidrasi, detoksifikasi, dan kesehatan kulit.",https://tinyurl.com/34cjwx6e,2
content-27,Jus Jambu Guava dan Kale,"2 buah jambu guava, kupas dan potong-potong<br> 1 cangkir daun kale segar, buang batangnya<br> 1/2 cangkir air kelapa<br> 1 sdm madu (opsional)<br> Es batu secukupnya<br>","Masukkan potongan jambu guava, daun kale, air kelapa, dan madu ke dalam blender.<br> Blender hingga halus dan rata.<br> Tambahkan es batu dan blender kembali hingga es hancur dan jus menjadi dingin.<br> Tuang jus ke dalam gelas dan sajikan segera.<br>","Kaya akan vitamin C, vitamin K, serat, dan antioksidan; baik untuk detoksifikasi, kesehatan tulang, dan meningkatkan energi.",https://tinyurl.com/2wsyanb7,3
content-28,Jus Kiwi dan Bayam,"2 buah kiwi, kupas dan potong-potong<br> 1 cangkir daun bayam segar<br> 1 buah apel, kupas, buang bijinya, dan potong-potong<br> 1/2 cangkir air kelapa<br> Es batu secukupnya<br>","Masukkan potongan kiwi, daun bayam, apel, dan air kelapa ke dalam blender.<br> Blender hingga halus dan rata.<br> Tambahkan es batu dan blender kembali hingga es hancur dan jus menjadi dingin.<br> Tuang jus ke dalam gelas dan sajikan segera.<br>","Kaya akan vitamin C, vitamin A, serat, dan antioksidan; baik untuk kesehatan mata, kulit, dan sistem kekebalan tubuh.",https://tinyurl.com/2p9t2dys,6
content-29,Jus Kiwi dan Mentimun,"2 buah kiwi, kupas dan potong-potong<br> 1 buah mentimun, kupas dan potong-potong<br> 1/2 cangkir jus lemon segar<br> 1 sdm madu (opsional)<br> Es batu secukupnya<br>","Masukkan potongan kiwi, mentimun, jus lemon, dan madu ke dalam blender.<br> Blender hingga halus dan rata.<br> Tambahkan es batu dan blender kembali hingga es hancur dan jus menjadi dingin.<br> Tuang jus ke dalam gelas dan sajikan segera.<br>","Kaya akan vitamin C, serat, dan air; baik untuk hidrasi, detoksifikasi, dan kesehatan kulit.",https://tinyurl.com/recf6j79,2
content-30,Kiwi Chia Pudding,"2 buah kiwi, kupas dan potong dadu<br> 1/4 cangkir biji chia<br> 1 cangkir susu almond atau susu kelapa<br> 1 sdm madu atau sirup maple (opsional)<br> Buah beri segar untuk topping (opsional)<br>","Campurkan biji chia dan susu almond atau susu kelapa dalam mangkuk besar.<br> Aduk rata dan diamkan selama 5-10 menit, kemudian aduk kembali untuk mencegah biji chia menggumpal.<br> Masukkan campuran chia ke dalam kulkas dan diamkan selama minimal 2 jam atau semalaman.<br> Sajikan chia pudding dalam gelas atau mangkuk, tambahkan potongan kiwi di atasnya.<br> Tambahkan madu atau sirup maple dan buah beri segar sebagai topping jika diinginkan.<br>","Kaya akan serat, omega-3, vitamin C, dan antioksidan; baik untuk pencernaan, kesehatan jantung, dan sistem kekebalan tubuh.",https://tinyurl.com/38wmawka,3
content-31,Chocolaty Tapioca Pearl Pudding with Mango,80 gram mutiara tapioka kecil<br>720 ml susu almond (3 x 240 ml)<br>2 sdm madu<br>2 cubitan garam<br>60 gram cokelat hitam 85%<br>1 sdm minyak kelapa<br>1 buah mangga (sekitar 500 g)<br>½ sdt tepung pohon konjak<br>,"Rendam mutiara tapioka semalaman dalam air jika petunjuk pada label mengharuskan. Opsi lain adalah merendam selama 15 menit sebelum dimasak atau memasaknya tanpa direndam. Waktu memasak tergantung pada perendaman, bisa dari 10 hingga 40 menit atau lebih. Resep ini dibuat tanpa perendaman.<br>Masukkan mutiara tapioka, susu almond, madu, dan garam ke dalam panci.<br>Mulai memasak dengan api sedang-tinggi hingga mulai berbuih.<br>Kecilkan api dan masak tanpa penutup hingga mutiara tapioka mengembang dan mengental. Aduk terus, jika tidak mutiara tapioka akan lengket di dasar panci. Saya memasak selama 35 menit.<br>Lelehkan cokelat dengan minyak kelapa bersama dalam panci kecil di atas air mendidih (teknik bain-marie).<br>Tambahkan cokelat leleh ke mutiara tapioka yang sudah dimasak dan aduk rata.<br>Kupas mangga dan potong 2 irisan untuk menghias puding di akhir.<br>Masukkan mangga ke dalam mangkuk (kecuali irisan) dan buat pure dengan blender imersi.<br>Tambahkan ½ sdt tepung pohon konjak ke dalam pure dan blender selama setengah menit segera.<br>Lapisi mutiara tapioka cokelat dan pure mangga dalam gelas.<br>Hiasi dengan sepotong kecil atau irisan mangga. Sajikan.<br>","Kaya akan serat, vitamin A, vitamin C, dan antioksidan; baik untuk kesehatan pencernaan, kulit, dan sistem kekebalan tubuh.",https://tinyurl.com/pvkptvjt,10
content-32,Rhubarb Chia Pudding,"250 ml krim kelapa<br> 3 sdm biji chia<br> 1 sdm sirup agave<br> 1 sdt ekstrak vanila<br> 1 cubitan garam<br> 1/2 sdt tepung pohon konjak (gunakan hanya jika menggunakan susu, bukan krim, untuk membantu mengentalkan puding tanpa harus menambah terlalu banyak biji chia)<br><br>3 batang rhubarb<br>3 sdm sirup agave<br>1 sdm air<br>1 cubitan garam<br>Buah beri untuk dekorasi<br>","Buat chia pudding terlebih dahulu. Campurkan semua bahan dengan baik dan biarkan mengental selama 20 menit. Aduk beberapa kali selama proses istirahat.<br> Potong ujung batang rhubarb dan bagian daun yang masih menempel. Daun tidak dapat dimakan!<br> Bilas batang dan potong menjadi potongan sepanjang 3 cm.<br> Campurkan rhubarb, sirup agave, air, dan garam dalam panci.<br> Rebus dengan api sedang selama sekitar 12-14 menit hingga menjadi krim. Saya suka mengaduknya terus menerus untuk mendapatkan tekstur terbaik.<br> Biarkan dingin selama 5-6 menit.<br> Siapkan 2 mangkuk kaca.<br> Masukkan ¼ bagian chia pudding ke setiap mangkuk.<br> Lapisan berikutnya adalah ½ bagian krim rhubarb di setiap mangkuk.<br> Bagikan sisa chia pudding di atas 2 mangkuk.<br> Hiasi bagian atas dengan buah beri.<br>","Kaya akan serat, omega-3, vitamin C, dan antioksidan; baik untuk kesehatan pencernaan, jantung, dan sistem kekebalan tubuh.",https://tinyurl.com/4jxsrxkx,3
content-33,Paleo Banana and Mango Smoothie Bowl,1 buah pisang sedang<br> 1 buah mangga<br> 50 ml susu almond<br> 1 sdm biji chia<br> 1 cubitan garam<br> 1 sdm irisan almond panggang<br> 1 sdm raspberry kering beku atau segar<br> 1 sdm cranberry kering beku atau segar<br> 1 sdt krim almond untuk dekorasi (opsional)<br>,"Masukkan pisang, mangga, susu almond, dan sejumput garam ke dalam blender, dan haluskan selama 1 – 1 ½ menit.<br> Tuang ke dalam mangkuk kecil dan campurkan dengan biji chia.<br> Biarkan selama 10 menit, lalu taburi dengan almond panggang dan buah beri kering beku (atau segar).<br> Hiasi dengan 1 sdt krim almond (opsional).","Menyediakan energi instan, kaya akan serat, vitamin C, vitamin E, dan antioksidan; baik untuk kesehatan pencernaan, kulit, dan sistem kekebalan tubuh.",https://tinyurl.com/4n2f473j,6
content-34,Jus Jeruk Segar,Jeruk segar<br>Air matang (opsional)<br>Gula pasir (opsional)<br>Es batu (opsional),Cuci bersih jeruk dengan air mengalir.<br>Belah jeruk menjadi dua bagian.<br>Peras jeruk menggunakan alat peras atau tangan hingga keluar sarinya.<br>Saring sari jeruk untuk memisahkan biji dan ampasnya (opsional).<br>Tambahkan air matang jika jus terlalu pekat (opsional).<br>Tambahkan gula pasir sesuai selera dan aduk hingga larut (opsional).<br>Tuangkan jus ke dalam gelas.<br>Tambahkan es batu untuk menyajikan jus dalam keadaan dingin (opsional).<br>Jus jeruk segar siap disajikan.<br>,"Sumber vitamin C, membantu meningkatkan sistem kekebalan tubuh dan kesehatan kulit.",https://ibb.co.com/GVG4zQL,5
content-35,Smoothie Jeruk,Jeruk segar<br>Yogurt tawar atau vanilla<br>Madu atau gula pasir (opsional)<br>Es batu<br>Pisang (opsional),Cuci bersih jeruk dengan air mengalir.<br>Kupas jeruk dan pisang (jika digunakan).<br>Potong jeruk dan pisang menjadi potongan kecil.<br>Masukkan potongan jeruk dan pisang ke dalam blender.<br>Tambahkan yogurt tawar atau vanilla ke dalam blender.<br>Tambahkan madu atau gula pasir sesuai selera (opsional).<br>Tambahkan es batu untuk tekstur lebih dingin dan segar.<br>Blender semua bahan hingga halus dan lembut.<br>Tuangkan smoothie ke dalam gelas.<br>Smoothie jeruk siap disajikan.<br>,Kaya akan vitamin dan mineral yang memberikan energi dan meningkatkan kesehatan jantung.,https://ibb.co.com/7J2vbK2,6
content-36,Sorbet Jeruk,Jeruk segar<br>Air<br>Gula pasir<br>Jus lemon (opsional),"Cuci bersih jeruk dengan air mengalir.<br>Peras jeruk untuk mendapatkan sarinya.<br>Campur air dan gula pasir dalam panci, lalu panaskan hingga gula larut untuk membuat sirup sederhana.<br>Biarkan sirup sederhana dingin.<br>Campur sari jeruk dan sirup sederhana dalam mangkuk besar.<br>Tambahkan sedikit jus lemon untuk rasa segar (opsional).<br>Tuang campuran ke dalam wadah tahan beku.<br>Bekukan campuran selama beberapa jam, aduk setiap 30 menit hingga teksturnya halus.<br>Sorbet jeruk siap disajikan.","Rendah kalori, baik untuk menurunkan berat badan dan menyegarkan tubuh.",https://ibb.co.com/tx190VH,5
content-37,Yogurt Jeruk,Yogurt plain<br>Jeruk segar<br>Madu<br>Es batu<br>Jus lemon (opsional),"Peras jeruk untuk mendapatkan sarinya.<br>Campur yogurt, jus jeruk, dan madu dalam mangkuk besar.<br>Tambahkan sedikit jus lemon untuk rasa segar (opsional).<br>Aduk semua bahan hingga merata.<br>Tambahkan es batu untuk kesegaran tambahan.<br>Yoghurt jeruk siap disajikan.",Probiotik membantu kesehatan pencernaan dan memperkuat sistem kekebalan tubuh.,https://ibb.co.com/XFLbBcd,6
content-38, Marmlade Jeruk,Jeruk (preferensi: jeruk manis atau jeruk mandarin)<br>Gula pasir<br>Air<br>Jus lemon<br>Kulit jeruk parut,"Cuci jeruk dan parut kulit jeruk untuk mendapatkan zest-nya.<br>Potong jeruk menjadi irisan tipis dan buang bijinya.<br>Rebus irisan jeruk, kulit jeruk parut, dan air dalam panci besar hingga jeruk menjadi lunak.<br>Tambahkan gula pasir dan jus lemon, aduk hingga gula larut dan larutkan selama beberapa menit.<br>Masak campuran dengan api kecil hingga mengental menjadi tekstur marmalade.<br>Biarkan marmalade dingin dan tuangkan ke dalam wadah bersih.<br>Simpan dalam kulkas untuk penyimpanan yang lebih lama.<br>Marmalade jeruk siap dinikmati.",Mengandung pektin yang baik untuk kesehatan usus dan kaya vitamin C.,https://ibb.co.com/LrGGPDs,5
content-39,Infused Water Jeruk,Jeruk segar<br>Air<br>Daun mint (opsional)<br>Es batu (opsional),Potong jeruk menjadi irisan tipis.<br>Masukkan irisan jeruk ke dalam botol air.<br>Tambahkan daun mint jika diinginkan.<br>Isi botol dengan air dan tambahkan es batu jika diinginkan.<br>Diamkan dalam lemari es selama beberapa jam untuk hasil yang lebih segar.<br>Infused water jeruk siap dinikmati.,Menghidrasi tubuh dan memberikan vitamin C tambahan.,https://ibb.co.com/R6McyZH,6
content-40,Jeruk Manisan,Jeruk<br>Gula pasir<br>Air,"Cuci jeruk dan iris tipis-tipis.<br>Rebus irisan jeruk dalam air mendidih selama beberapa menit, lalu tiriskan.<br>Buat larutan gula dengan mencampurkan gula pasir dengan air hingga larut.<br>Masukkan irisan jeruk ke dalam larutan gula dan diamkan semalam.<br>Rebus jeruk dengan larutan gula hingga gula meresap dan jeruk berubah warna.<br>Tiriskan jeruk dan biarkan dingin sebelum disajikan.<br>Jeruk manisan siap dinikmati.","Memberikan energi dan mengandung vitamin C, meskipun harus dikonsumsi dalam jumlah terbatas karena kandungan gula.",https://ibb.co.com/8XWjzxD,5
content-41,Puding Jeruk,"Susu cair<br>Gula pasir<br>Jeruk segar<br>Agar-agar<br>Vanili bubuk","Peras jeruk untuk mendapatkan jusnya.<br>Campur susu cair, gula pasir, dan jus jeruk dalam panci, lalu panaskan dengan api kecil.<br>Tambahkan agar-agar dan vanili bubuk ke dalam campuran panas sambil terus aduk hingga larut.<br>Setelah larut, tuang campuran ke dalam cetakan dan dinginkan hingga mengeras.<br>Puding jeruk siap disajikan setelah didinginkan di dalam kulkas.",Menyegarkan dan mengandung vitamin C.,https://ibb.co.com/6JRDqPr,6
content-42,Jeruk Kuah,"Jeruk segar<br>Gula pasir<br>Air<br>Kulit jeruk parut","Kupas jeruk dan potong menjadi irisan tipis.<br>Rebus irisan jeruk dengan gula pasir, air, dan kulit jeruk parut hingga jeruk menjadi lembut dan cairan mengental.<br>Dinginkan compote sebelum disajikan.<br>Compote jeruk siap dinikmati.","Kaya serat dan vitamin C, membantu pencernaan.",https://ibb.co.com/ygL6Vm4,5
content-43,Es Lilin Jeruk,Jus jeruk segar<br>Gula pasir<br>Air<br>Es batu,"Campur jus jeruk dengan gula pasir dan air, lalu aduk hingga gula larut.<br>Tuang campuran ke dalam cetakan es lilin dan masukkan stik es.<br>Bekukan dalam freezer hingga es lilin membeku sempurna.<br>Es lilin jeruk siap dinikmati setelah dibekukan.",Menyegarkan dan menghidrasi tubuh serta memberikan vitamin C.,https://ibb.co.com/znBGx6K,6
content-44,Kue Jeruk,"Tepung terigu<br>Gula pasir<br>Mentega<br>Telur<br>Jeruk segar (untuk kulit dan glazur)","Campur tepung terigu, gula pasir, mentega, telur, dan parutan kulit jeruk, uleni hingga adonan kalis.<br>Gilas adonan dan cetak dengan bentuk kue yang diinginkan, lalu panggang hingga matang.<br>Buat glazur dengan mencampurkan jus jeruk segar dan gula pasir, lalu oleskan di atas kue yang telah matang.<br>Kue jeruk siap dinikmati setelah dingin.",Menyediakan energi dan mengandung vitamin C.,https://ibb.co.com/m9VNs58,5
content-45,Jeruk dan Cokelat Gelap,"Jeruk segar<br>Cokelat gelap (dark chocolate)","Lelehkan cokelat gelap dengan teknik double boiler.<br>Potong jeruk menjadi irisan tipis, lalu celupkan setengahnya ke dalam cokelat leleh.<br>Letakkan irisan jeruk yang telah dicelupkan ke dalam cokelat di atas kertas baking.<br>Dinginkan hingga cokelat mengeras.<br>Jeruk dan cokelat gelap siap dinikmati setelah cokelat mengeras.",Kombinasi antioksidan dari jeruk dan cokelat gelap yang baik untuk jantung.,https://ibb.co.com/XDdXsRN,6
content-46,Roti Jeruk,"Tepung terigu<br>Ragi<br>Gula pasir<br>Garam<br>Minyak sayur<br>Jeruk segar (untuk aroma)","Campurkan tepung terigu, ragi, gula pasir, dan garam, lalu tambahkan minyak sayur dan perasan jeruk segar, uleni hingga adonan kalis.<br>Diamkan adonan hingga mengembang dua kali lipat.<br>Bentuk adonan menjadi roti, lalu panggang dalam oven hingga matang dan berwarna keemasan.<br>Roti jeruk siap dinikmati setelah dingin.",Sumber energi dan vitamin C.,https://ibb.co.com/DrDMwTz,5
content-47,Jeruk dan Yogurt Parfait,"Jeruk segar<br>Yogurt plain atau vanilla<br>Granola atau biji-bijian<br>Madu atau gula pasir (opsional)","Potong jeruk menjadi potongan kecil.<br>Tuang yogurt ke dalam mangkuk atau gelas, lalu tambahkan potongan jeruk di atasnya.<br>Tambahkan granola atau biji-bijian di atasnya.<br>Ulangi lapisan yogurt, jeruk, dan granola hingga mangkuk atau gelas terisi penuh.<br>Teteskan madu atau taburkan gula pasir di atasnya sebagai pemanis (opsional).<br>Jeruk dan yogurt parfait siap disajikan.",Probiotik dan vitamin C yang baik untuk pencernaan dan sistem kekebalan tubuh.,https://ibb.co.com/5n5HdhR,6
content-48,Teh Jeruk,Teh hitam<br>Jeruk segar<br>Air<br>Gula pasir atau madu (opsional),"Rebus air, lalu tambahkan teh hitam dan biarkan hingga tercuci selama beberapa menit.<br>Potong jeruk menjadi irisan tipis.<br>Tambahkan irisan jeruk ke dalam teko atau gelas.<br>Tuang teh ke dalam teko atau gelas dan aduk.<br>Teteskan gula pasir atau tambahkan madu untuk rasa manis (opsional).<br>Teh jeruk siap dinikmati.","Menyegarkan, menghidrasi, dan kaya antioksidan.",https://ibb.co.com/0BdLq6h,5
content-49,Jeruk dan Oatmeal,"Oatmeal<br>Jeruk segar<br>Madu<br>Es batu<br>Susu (opsional)","Rebus oatmeal dengan air atau susu hingga matang.<br>Potong jeruk menjadi potongan kecil.<br>Tambahkan potongan jeruk ke dalam oatmeal dan aduk rata.<br>Tuang madu ke dalam oatmeal dan aduk hingga tercampur.<br>Tambahkan es batu untuk kesegaran tambahan.<br>Oatmeal jeruk siap disajikan.",Sumber serat dan energi yang baik untuk memulai hari., https://tinyurl.com/ycyf2t4t,6
content-50,Jus Kesemek Segar,Kesemek segar<br>Air matang (opsional)<br>Gula pasir atau madu (opsional)<br>Es batu (opsional),Cuci bersih kesemek dengan air mengalir.<br>Kupas kulit kesemek dan potong menjadi potongan kecil.<br>Masukkan potongan kesemek ke dalam blender.<br>Tambahkan air matang jika diperlukan untuk mempermudah pencampuran (opsional).<br>Blender hingga halus.<br>Tambahkan gula pasir atau madu sesuai selera dan aduk hingga larut (opsional).<br>Tuang jus ke dalam gelas.<br>Tambahkan es batu untuk menyajikan jus dalam keadaan dingin (opsional).<br>Jus kesemek segar siap dinikmati.,"Sumber vitamin C yang kuat, membantu meningkatkan energi dan menghidrasi tubuh.",https://tinyurl.com/5yb5rdae,5
content-51,Oatmeal Kesemek,"Oatmeal<br>Kesemek segar<br>Madu atau gula pasir (opsional)<br>Susu atau air<br>Kacang-kacangan atau biji-bijian (opsional)",Rebus oatmeal dengan susu atau air hingga matang.<br>Kupas kesemek dan potong menjadi potongan kecil.<br>Tambahkan potongan kesemek ke dalam oatmeal dan aduk rata.<br>Tambahkan madu atau gula pasir sesuai selera dan aduk hingga tercampur (opsional).<br>Taburkan kacang-kacangan atau biji-bijian di atasnya untuk tambahan tekstur (opsional).<br>Oatmeal kesemek siap disajikan.,"Menambah rasa dan nutrisi pada sarapan, memberikan energi tahan lama.",https://tinyurl.com/3p2vzjs6,6
content-52,Jus melon,500-700 gram daging melon <br>200 ml air dingin <br> 2 -3 sendk makan gula pasir dan madu <br> Es batu secukupnya ,"Kupas melon dan buang bijinya <br> Potong daging melon menjadi potongan kecil agar lebih mudah diblender<br> Masukkan potongan melon ke dalam blender <br> Tambahkan air dingin dan gula atau madu sesuai selera<br> Tambahkan es batu ke dalam blender<br>Blender semua bahan hingga halus dan tercampur rata<br>Jika jus terlalu kental, Anda bisa menambahkan sedikit air lagi dan blender kembali hingga mencapai kekentalan yang diinginkan<br>Tuang jus melon ke dalam gelas saji.","Melon mengandung beta-karoten, yang diubah tubuh menjadi vitamin A. Vitamin ini penting untuk kesehatan mata, mendukung sistem kekebalan tubuh, dan menjaga kesehatan kulit.",https://tinyurl.com/25ncwvmm,7
content-53,Eskrim melon,500 gram daging buah melon <br> 200 ml susu kental manis <br> 250 ml krim kental <br> 2-3 sendok makan  gula pasir,"Kupas melon, buang bijinya, dan potong-potong daging buahnya menjadi ukuran kecil agar mudah diblender <br> Masukkan potongan melon ke dalam blender<br> Tambahkan gula pasir<br>Blender hingga halus<br>Dalam mangkuk besar, kocok krim kental<br> Jangan terlalu lama mengocok krim agar tidak berubah menjadi mentega<br> Tambahkan susu kental manis ke dalam krim yang sudah dikocok, aduk perlahan hingga tercampur rata<br>Tuangkan melon ke dalam campuran krim dan susu, aduk hingga semua bahan tercampur dengan baik <br>Tuang campuran es krim ke dalam wadah kedap udara.<br> Tutup permukaan es krim dengan plastik wrap untuk mencegah terbentuknya kristal es<br>Masukkan ke dalam freezer dan biarkan membeku selama minimal 4-6 jam atau hingga es krim benar-benar keras<br>Setelah es krim membeku, keluarkan dari freezer dan biarkan beberapa menit agar sedikit melunak.","Melon juga mengandung serat diet yang penting untuk pencernaan yang sehat. Meskipun dalam bentuk es krim, es krim melon masih menyediakan sejumlah serat yang bermanfaat",https://tinyurl.com/bdzxhjt3,7
content-54,Es buah melon ,1 buah melon matang <br> Air kelapa secukupnya <br> Es batu secukupnya,Cuci bersih buah melon di bawah air mengalir<br> Potong buah melon menjadi dua bagian dan buang bijinya<br>Gunakan sendok untuk mengeluarkan daging buah melon dari kulitnya.<br> Potong daging buah melon menjadi potongan kecil sesuai selera<br> Siapkan gelas atau mangkuk yang akan digunakan untuk menyajikan es buah melon.<br>Masukkan beberapa potong es batu ke dalam gelas atau mangkuk.<br>Tambahkan potongan melon ke atas es batu.<br>Tuangkan air kelapa secukupnya ke dalam gelas atau mangkuk hingga melon terendam.<br>Aduk atau kocok es buah melon secara perlahan agar semua bahan tercampur dengan baik<br>Es buah melon sederhana siap disajikan!,"Melon mengandung berbagai vitamin dan mineral penting, termasuk vitamin C, vitamin A, kalium, dan serat diet. Konsumsi es buah melon dapat membantu memenuhi kebutuhan nutrisi harian tubuh Anda.",https://tinyurl.com/mrypa6wv,7
content-55,Selai Kesemek,"Kesemek segar<br>Gula pasir<br>Air<br>Jus lemon (opsional)","Kupas kesemek dan potong menjadi potongan kecil.<br>Masukkan potongan kesemek ke dalam panci bersama dengan sedikit air.<br>Rebus kesemek hingga menjadi lembut dan hancurkan dengan sendok atau blender.<br>Tambahkan gula pasir dan aduk hingga gula larut dan campuran mengental.<br>Tambahkan sedikit jus lemon untuk rasa segar (opsional).<br>Masak hingga mencapai konsistensi selai yang diinginkan.<br>Tuangkan selai ke dalam wadah steril dan biarkan dingin.<br>Selai kesemek siap dinikmati.
","Rendah gula dan mengandung serat, baik untuk menjaga kadar gula darah dan kesehatan jantung.",https://tinyurl.com/ykunvpnc,5
content-56,Kesemek dengan Yogurt,"Kesemek segar<br>Yogurt plain atau vanilla<br>Madu atau gula pasir (opsional)<br>Granola atau kacang-kacangan (opsional)",Kupas kesemek dan potong menjadi potongan kecil.<br>Masukkan potongan kesemek ke dalam mangkuk.<br>Tambahkan yogurt plain atau vanilla ke dalam mangkuk dan aduk rata.<br>Tambahkan madu atau gula pasir sesuai selera dan aduk hingga tercampur (opsional).<br>Taburkan granola atau kacang-kacangan di atasnya untuk tambahan tekstur (opsional).<br>Kesemek dengan yogurt siap dinikmati.,"Menambah tekstur dan rasa pada yogurt, memberikan probiotik dan vitamin C.",https://tinyurl.com/ms5tc427,6
content-57,Es Jeli Semangka Kesemek,"Semangka segar<br>Kesemek segar<br>Jeli bubuk (rasa netral atau sesuai selera)<br>Air<br>Gula pasir (opsional)<br>Es batu","Kupas dan potong semangka serta kesemek menjadi potongan kecil.<br>Siapkan jeli sesuai petunjuk pada kemasan, campurkan dengan air dan gula pasir jika diperlukan, lalu dinginkan hingga mengeras.<br>Potong jeli yang sudah mengeras menjadi kotak-kotak kecil.<br>Masukkan potongan semangka, kesemek, dan jeli ke dalam mangkuk atau gelas besar.<br>Tambahkan es batu untuk menyajikan dalam keadaan dingin.<br>Es jeli semangka kesemek siap dinikmati.
","Es jeli semangka kesemek bermanfaat untuk menyegarkan tubuh, menghidrasi, dan memberikan vitamin serta antioksidan yang baik untuk kesehatan kulit dan sistem kekebalan tubuh.",https://tinyurl.com/49f3j52j,5
content-58,Puding Kesemek,"Kesemek segar<br>Gula pasir<br>Susu cair<br>Agar-agar bubuk<br>Vanili bubuk (opsional)","Kupas kesemek dan potong menjadi potongan kecil.<br>Blender potongan kesemek hingga halus dan sisihkan.<br>Campurkan susu cair, gula pasir, dan agar-agar bubuk dalam panci, lalu panaskan dengan api kecil sambil diaduk hingga mendidih.<br>Tambahkan puree kesemek ke dalam campuran susu dan aduk rata.<br>Tambahkan vanili bubuk jika diinginkan untuk aroma lebih harum (opsional).<br>Tuang campuran ke dalam cetakan dan dinginkan hingga mengeras.<br>Puding kesemek siap disajikan setelah didinginkan di dalam kulkas.","Alternatif manis yang sehat, kaya akan serat dan nutrisi.",https://tinyurl.com/2vyvua77,6
content-59,Sorbet Kesemek,Kesemek segar<br>Gula pasir<br>Air<br>Jus lemon (opsional),"Kupas kesemek dan potong menjadi potongan kecil.<br>Blender potongan kesemek hingga halus dan sisihkan.<br>Buat sirup sederhana dengan merebus gula pasir dan air hingga gula larut, lalu dinginkan.<br>Campurkan puree kesemek dengan sirup sederhana dan tambahkan jus lemon untuk rasa segar (opsional).<br>Tuang campuran ke dalam wadah tahan beku.<br>Bekukan campuran selama beberapa jam, aduk setiap 30 menit hingga teksturnya halus.<br>Sorbet kesemek siap dinikmati setelah benar-benar beku.
","Rendah kalori, menyegarkan, dan mengandung vitamin C untuk kesehatan kulit dan sistem kekebalan tubuh.",https://tinyurl.com/53armfkd,5
content-60,Sirup Campuran Jeruk Manis dan Kesemek,"Jeruk manis<br>Kesemek<br>Gula pasir<br>Air","Peras jeruk manis dan kesemek untuk mendapatkan sarinya.<br>Campurkan jus jeruk manis dan kesemek ke dalam panci, tambahkan gula pasir dan air.<br>Panaskan campuran dengan api kecil, aduk hingga gula larut dan campuran mengental.<br>Dinginkan sirup sebelum digunakan.<br>Sirup campuran jeruk manis dan kesemek siap disajikan.","Alternatif manis yang sehat, memberikan rasa pada minuman atau hidangan lainnya.",https://tinyurl.com/56597c9n,6
content-61,Kue Campuran Jeruk Manis dan Kesemek,"Jeruk manis<br>Kesemek<br>Tepung terigu<br>Gula pasir<br>Mentega<br>Telur<br>Baking powder<br>Garam","Kupas dan potong jeruk manis dan kesemek menjadi potongan kecil.<br>Campur tepung terigu, gula pasir, baking powder, dan garam.<br>Tambahkan mentega dan telur ke dalam campuran kering, lalu aduk hingga rata.<br>Tambahkan potongan jeruk manis dan kesemek ke dalam adonan dan aduk perlahan.<br>Transfer adonan ke dalam loyang dan panggang dalam oven hingga matang.<br>Kue campuran jeruk manis dan kesemek siap disajikan setelah dingin.
","Memberikan rasa manis alami pada kue, mengandung serat dan antioksidan.",https://tinyurl.com/2xzmrcr5,5
content-62,Crostini dengan Saus Jeruk Manis dan Kesemek,"Roti baguette<br>Jeruk manis<br>Kesemek<br>Minyak zaitun<br>Gula pasir<br>Balsamic vinegar (cuka balsamik)<br>Garam<br>Lada hitam bubuk","Potong roti baguette menjadi irisan tipis, panggang hingga kecokelatan.<br>Potong jeruk manis dan kesemek menjadi potongan kecil.<br>Campur potongan jeruk manis dan kesemek dengan minyak zaitun, gula pasir, balsamic vinegar, garam, dan lada hitam bubuk.<br>Letakkan saus jeruk dan kesemek di atas crostini panggang.<br>Crostini dengan saus jeruk dan kesemek siap disajikan.","Kombinasi antioksidan, serat, dan lemak sehat dari roti gandum untuk kesehatan jantung.",https://tinyurl.com/7cn84bs7,6
content-63,Es Krim Jeruk Manis dan Kesemek ,"Jeruk manis<br>Kesemek<br>Susu cair<br>Gula pasir<br>Santan (opsional)<br>Es krim kental (opsional)","Peras jeruk manis dan kesemek untuk mendapatkan jusnya.<br>Campur jus jeruk manis dan kesemek dengan susu cair dan gula pasir, tambahkan santan untuk tekstur krimi (opsional).<br>Tuang campuran ke dalam mesin es krim dan proses sesuai petunjuk.<br>Bekukan es krim hingga keras atau gunakan es krim kental (opsional).<br>Es krim jeruk manis dan kesemek siap dinikmati setelah dibekukan.
","Menyegarkan dan menyediakan rasa manis alami, rendah gula, dan menyediakan kalsium dari es krim.",https://tinyurl.com/eer3muwc,5
content-64,Salad buah melon,1 buah melon <br> 1 buah apel (potong kecil)<br> satu buah pear (potong kecil)<br>1/2 anggur merah atau hijau <br> 1/2 cangkir stroberi segar <br> 1/4 cangkir mint segar,"Cuci bersih buah melon di bawah air mengalir <br> Potong melon menjadi dua bagian dan buang bijinya.<br>Gunakan sendok untuk mengeluarkan daging buah melon dari kulitnya.<br> Potong daging buah melon menjadi dadu kecil <br> Potong apel, pir, dan stroberi menjadi dadu kecil sesuai selera Anda <br> Jika menggunakan anggur, potong menjadi dua bagian <br> Campur potongan melon, apel, pir, stroberi, dan anggur dalam mangkuk besar <br> Tambahkan mint cincang segar di atas campuran buah <br> Aduk semua bahan dengan lembut menggunakan sendok besar atau spatula hingga tercampur secara merata.<br>Biarkan salad buah melon dalam mangkuk selama beberapa menit agar semua rasa dan aroma bahan dapat menyatu dengan baik.<br>Salad buah melon siap disajikan"," Salad buah melon rendah kalori dan rendah lemak, sehingga cocok untuk mereka yang sedang menjalani program penurunan berat badan atau menjaga berat badan yang sehat.",https://tinyurl.com/2p9p7v65,7
content-65,Agar agar melon,1 buah melon matang <br> 1 bungkus agar - agar bubur <br> gula secukupnya <br> air secukupnya,"Cuci bersih buah melon di bawah air mengalir.<br> Potong melon menjadi dua bagian dan buang bijinya.<br> Gunakan sendok untuk mengeluarkan daging buah melon dari kulitnya.<br>Potong daging buah melon menjadi potongan kecil atau haluskan dengan blender<br> Masukkan bungkus agar-agar bubuk ke dalam panci <br> Tambahkan air secukupnya sesuai petunjuk pada kemasan agar-agar <br> Masukkan gula secukupnya sesuai selera <br> Panaskan panci dengan api sedang, lalu aduk campuran agar-agar hingga larut dan mendidih<br> Setelah agar-agar larut dan mendidih, tambahkan puree melon ke dalam panci.<br>Aduk rata agar puree melon tercampur dengan baik dengan cairan agar-agar.<br> Siapkan cetakan atau wadah yang akan digunakan untuk mengatur agar-agar.<br>Tuangkan campuran agar-agar melon ke dalam cetakan atau wadah dengan hati-hati<br>Biarkan agar-agar melon dalam wadah hingga suhu ruang, lalu dinginkan dalam lemari es selama beberapa jam hingga padat.<br>Setelah agar-agar melon mengeras, potong sesuai dengan bentuk yang diinginkan.","Agar-agar melon rendah kalori dan rendah lemak, sehingga cocok untuk mereka yang sedang menjalani program penurunan berat badan atau menjaga berat badan yang sehat",https://tinyurl.com/hxv6v8br,7
content-66,Smoothie Durian dan Pisang,daging durian<br>pisang matang<br>susu almond<br>madu (opsional)<br>es batu,masukkan semua bahan ke dalam blender<br>blender hingga halus dan rata<br>tuangkan ke dalam gelas dan tambahkan es batu jika diinginkan,"kaya akan kalium, serat, dan vitamin C dari pisang dan durian, membantu meningkatkan energi dan pencernaan",https://tinyurl.com/mrznkdje,10
content-67,Salad Jeruk Bali dan Mangga,"jeruk bali, kupas dan potong-potong<br>mangga matang, kupas dan potong dadu<br>madu<br>jus lemon<br>daun mint cincang","campurkan potongan jeruk bali dan mangga dalam mangkuk<br>tambahkan madu dan jus lemon, aduk rata<br>taburkan daun mint cincang di atasnya sebelum disajikan","mengandung vitamin C tinggi dari jeruk bali dan mangga, membantu meningkatkan sistem kekebalan tubuh dan kesehatan kulit",https://tinyurl.com/4vem6pxz,10
content-68,Sorbet Sirsak,daging sirsak<br>air<br>madu,"blender daging sirsak, air, dan madu hingga halus<br>tuangkan campuran ke dalam wadah dan bekukan selama 4-6 jam<br>serut atau keruk sorbet sebelum disajikan","mengandung antioksidan dan vitamin C dari sirsak, membantu melawan radikal bebas dan meningkatkan kesehatan pencernaan",https://tinyurl.com/45bc9faz,10
content-69,Pudding Nangka dan Kelapa,"nangka matang, potong kecil<br>santan<br>gula kelapa<br>agar-agar bubuk",panaskan santan dan gula kelapa hingga gula larut<br>tambahkan agar-agar bubuk dan aduk hingga mendidih<br>masukkan potongan nangka dan aduk rata<br>tuangkan ke dalam cetakan dan dinginkan hingga mengeras,"kaya akan serat dan vitamin A dari nangka, menyediakan lemak sehat dari santan yang baik untuk kesehatan jantung",https://tinyurl.com/3dbdeaua,10
content-70,Salad Pepaya dan Jeruk Bali,"pepaya, kupas dan potong dadu<br>jeruk bali, kupas dan potong-potong<br>jus jeruk nipis<br>madu<br>daun mint","campurkan potongan pepaya dan jeruk bali dalam mangkuk<br>tambahkan jus jeruk nipis dan madu, aduk rata<br>hias dengan daun mint sebelum disajikan","tinggi akan vitamin C dan enzim papain dari pepaya, membantu pencernaan dan meningkatkan kesehatan kulit",https://tinyurl.com/4vem6pxz,10
content-71,Muffin Pisang dan Durian,"tepung gandum utuh<br>gula kelapa<br>baking powder<br>garam<br>pisang, lumatkan<br>daging durian<br>susu almond<br>telur","panaskan oven hingga 180°C (350°F)<br>campurkan tepung, gula kelapa, baking powder, dan garam dalam mangkuk<br>tambahkan pisang, durian, susu almond, dan telur, aduk hingga rata<br>tuangkan adonan ke dalam cetakan muffin<br>panggang selama 20-25 menit atau hingga matang","menyediakan energi dan serat dari pisang dan durian, kaya akan nutrisi penting seperti vitamin B6 dan kalium",https://tinyurl.com/bd9wzrtt,10
content-72,Smoothie Mangga dan Pepaya,"mangga matang, potong dadu<br>pepaya, potong dadu<br>yogurt tanpa lemak<br>air kelapa<br>es batu",masukkan semua bahan ke dalam blender<br>blender hingga halus dan rata<br>tuangkan ke dalam gelas dan tambahkan es batu jika diinginkan,"kaya akan vitamin A dan C dari mangga dan pepaya, membantu memperbaiki pencernaan dan meningkatkan kesehatan mata",https://tinyurl.com/5rapxv3a,10
content-73,Chia Pudding Sirsak,"daging sirsak, haluskan<br>chia seeds<br>susu almond<br>madu","campurkan semua bahan dalam mangkuk besar<br>aduk rata dan biarkan selama 10-15 menit, aduk kembali<br>dinginkan dalam kulkas selama minimal 4 jam atau semalam<br>sajikan dingin","kaya akan serat, omega-3, dan antioksidan dari chia seeds dan sirsak, membantu mengontrol gula darah dan meningkatkan kesehatan jantung",https://tinyurl.com/287n8esk,10
content-74,Pisang Bakar dengan Saus Mangga,"pisang matang, kupas dan belah memanjang<br>mangga matang, haluskan<br>madu<br>kayu manis",panaskan wajan atau panggangan<br>panggang pisang hingga kecoklatan di kedua sisi<br>campurkan mangga halus dengan madu dan kayu manis<br>sajikan pisang bakar dengan saus mangga di atasnya,"sumber energi cepat dari pisang, kaya akan vitamin A dan C dari mangga",https://tinyurl.com/yc7vef74,10
content-75,Jus Detoks Jeruk Bali dan Pepaya,"jeruk bali, kupas dan potong-potong<br>pepaya, kupas dan potong dadu<br>jus lemon<br>madu<br>es batu",masukkan semua bahan ke dalam blender<br>blender hingga halus dan rata<br>tuangkan ke dalam gelas dan tambahkan es batu jika diinginkan,"membantu detoksifikasi tubuh dengan kandungan antioksidan tinggi dari jeruk bali dan pepaya, meningkatkan kesehatan pencernaan dan sistem kekebalan tubuh",https://tinyurl.com/29x5b4wp,10
content-76,Smoothie Jeruk Bali dan Mangga,jeruk bali<br>mangga<br>yoghurt tanpa lemak<br>air kelapa<br>es batu,Kupas dan potong jeruk bali dan mangga.<br>Masukkan potongan buah ke dalam blender.<br>Tambahkan yoghurt dan air kelapa.<br>Blender hingga halus dan rata.<br>Tuangkan ke dalam gelas dan tambahkan es batu jika diinginkan.,"Kaya akan vitamin C dan serat dari jeruk bali dan mangga, membantu memperkuat sistem kekebalan tubuh dan meningkatkan pencernaan.",https://tinyurl.com/yu698vck,11
content-77,Sorbet Nangka,nangka<br>air<br>madu,Haluskan daging nangka menggunakan blender.<br>Tambahkan air dan madu ke dalam daging nangka yang sudah halus.<br>Aduk hingga rata.<br>Tuangkan campuran ke dalam wadah dan bekukan selama 4-6 jam.<br>Serut atau keruk sorbet sebelum disajikan.,"Kaya akan serat dan vitamin A dari nangka, membantu menjaga kesehatan mata dan meningkatkan pencernaan.",https://tinyurl.com/4a5s26ca,11
content-78,Pudding Sirsak dan Pepaya,daging sirsak<br>pepaya<br>susu almond<br>madu<br>chia seeds,"Haluskan daging sirsak dan pepaya menggunakan blender.<br>Campurkan daging sirsak, pepaya, susu almond, dan madu dalam mangkuk.<br>Tambahkan chia seeds dan aduk rata.<br>Dinginkan dalam kulkas selama minimal 4 jam atau semalam sebelum disajikan.","Mengandung antioksidan dan serat tinggi, membantu meningkatkan kesehatan jantung dan memperbaiki pencernaan.",https://tinyurl.com/435erexe,11
content-79,Smoothie Mangga dan Sirsak,mangga<br>sirsak<br>yoghurt tanpa lemak<br>madu (opsional)<br>es batu,Kupas dan potong mangga dan sirsak.<br>Masukkan potongan buah ke dalam blender.<br>Tambahkan yoghurt dan madu (jika digunakan).<br>Blender hingga halus dan rata.<br>Tuangkan ke dalam gelas dan tambahkan es batu jika diinginkan.,"Kaya akan vitamin C dan antioksidan dari mangga dan sirsak, membantu meningkatkan sistem kekebalan tubuh dan kesehatan kulit.",https://tinyurl.com/35w7assz,11
content-80,Salad Alpukat dan Jeruk Bali,alpukat<br>jeruk bali<br>bawang merah<br>daun ketumbar<br>cuka apel<br>minyak zaitun<br>garam<br>merica,"Kupas alpukat dan potong-potong.<br>Kupas jeruk bali dan potong-potong.<br>Campur alpukat, jeruk bali, bawang merah, dan daun ketumbar dalam mangkuk.<br>Buat dressing dengan mencampurkan cuka apel, minyak zaitun, garam, dan merica.<br>Tuangkan dressing ke dalam salad dan aduk rata sebelum disajikan.","Mengandung lemak sehat dan vitamin E dari alpukat, serta vitamin C dan antioksidan dari jeruk bali, membantu menjaga kesehatan kulit dan memperkuat sistem kekebalan tubuh.",https://tinyurl.com/yc5h8unb,11
content-81,Jus Pepaya dan Nangka,pepaya<br>nangka<br>jus lemon<br>madu<br>air es,"Kupas dan potong pepaya dan nangka.<br>Masukkan potongan buah ke dalam blender.<br>Tambahkan jus lemon, madu, dan air es.<br>Blender hingga halus dan rata.<br>Saring jus jika diinginkan dan tuangkan ke dalam gelas sebelum disajikan.","Kaya akan serat dan vitamin A dari pepaya dan nangka, membantu memperkuat sistem kekebalan tubuh dan meningkatkan pencernaan.",https://tinyurl.com/yc57ck6n,11
content-82,Smoothie Pisang dan Manggis,pisang<br>manggis<br>susu almond<br>madu (opsional)<br>es batu,Kupas pisang dan potong-potong.<br>Potong manggis dan keluarkan dagingnya.<br>Masukkan potongan buah ke dalam blender.<br>Tambahkan susu almond dan madu (jika digunakan).<br>Blender hingga halus dan rata.<br>Tuangkan ke dalam gelas dan tambahkan es batu jika diinginkan.,"Kaya akan antioksidan dan serat, membantu meningkatkan energi dan memperkuat sistem kekebalan tubuh.",https://tinyurl.com/2p7sf6m4,11
content-83,Puding Durian dan Pisang,daging durian<br>pisang<br>santan<br>gula kelapa<br>agar-agar bubuk,Haluskan daging durian dan pisang menggunakan blender.<br>Panaskan santan dan gula kelapa hingga larut.<br>Tambahkan agar-agar bubuk ke dalam campuran santan.<br>Aduk hingga mendidih dan kemudian matikan api.<br>Masukkan daging durian dan pisang ke dalam campuran santan.<br>Tuangkan ke dalam cetakan dan dinginkan hingga mengeras.,"Kaya akan serat, vitamin C, dan lemak sehat, membantu meningkatkan kesehatan pencernaan dan kulit.",https://tinyurl.com/yntj9n2n,11
content-84,Jus belimbing,Belimbing segar <br> air<br><gula<br>Es batu<br>Susu,Kupas dan potong belimbing <br>blender dengan air<br>tambahkan gula atau susu <br>Dan sajikan dengan es batu,"Serat dan antioksidan dalam jus belimbing membantu menurunkan kadar kolesterol dalam darah dan menjaga kesehatan jantung. Serat juga dapat membantu menurunkan tekanan darah, yang merupakan faktor risiko utama untuk penyakit jantung.",https://tinyurl.com/44j7j6na,8
content-85,Jus buah naga,Buah naga segar<br> Air<br>Es batu <br>madu atau gula,Blender daging buah naga dengan air dan es batu <br>Tambahkan madu atau gula sesuai selera <br>lalu sajikan dingin.,"Jus buah naga mengandung antioksidan seperti betalain, flavonoid, dan asam fenolik yang melindungi sel-sel tubuh dari kerusakan akibat radikal bebas. Antioksidan ini membantu mencegah penuaan dini dan penyakit kronis seperti kanker dan penyakit jantung",https://tinyurl.com/ckkctuys,9
content-86,Salad Buah Tropis,Rambutan (dipisahkan dari bijinya)<br>Alpukat<br>Sirsak (dagingnya)<br>Nangka<br>Pepaya<br>Pisang,Potong semua buah sesuai selera.<br>Campurkan dalam mangkuk.<br>Sajikan langsung atau dengan tambahan saus yogurt jika diinginkan.,"Kaya akan serat dan vitamin dari campuran berbagai buah tropis, membantu pencernaan dan memperkuat sistem kekebalan tubuh.",https://tinyurl.com/34cx6kt2,12
content-87,Pudding Alpukat dan Pepaya,Alpukat<br>Pepaya<br>Susu almond<br>Madu<br>Agar-agar,Haluskan alpukat dan pepaya dalam blender.<br>Panaskan susu almond dengan agar-agar dan madu hingga mendidih.<br>Campurkan puree alpukat dan pepaya ke dalam campuran panas.<br>Tuang ke dalam cetakan dan dinginkan hingga mengeras.,"Mengandung lemak sehat dan vitamin dari alpukat.<br>Serat dan antioksidan dari pepaya, baik untuk pencernaan dan kulit.",https://tinyurl.com/yn8kcys3,12
content-88,Jus Nangka dan Pisang,Nangka<br>Pisang<br>Air kelapa,Haluskan nangka dan pisang dalam blender.<br>Tambahkan air kelapa sesuai selera.<br>Blender hingga halus dan rata.,"Kaya akan serat dan energi dari nangka dan pisang, menyegarkan dan menyediakan hidrasi.",https://tinyurl.com/33m2frs3,12
content-89,Salad Durian dan Nangka,Daging durian<br>Nangka<br>Daun selada<br>Tomat cherry<br>Kacang almond panggang<br>Saus balsamico,Potong daging durian dan nangka menjadi dadu.<br>Campur semua bahan dalam mangkuk besar.<br>Tambahkan saus balsamico sesuai selera.<br>Aduk hingga merata sebelum disajikan.,Kaya akan serat dan antioksidan dari durian dan nangka.<br>Membantu menjaga kesehatan jantung dan pencernaan.,https://tinyurl.com/4hvjarrh,12
content-90,Smoothie Pepaya dan Alpukat,Pepaya<br>Alpukat<br>Yoghurt Greek<br>Madu<br>Es batu,Haluskan daging pepaya dan alpukat dalam blender.<br>Tambahkan yoghurt Greek dan madu.<br>Blender hingga halus dan konsisten.<br>Tambahkan es batu jika diinginkan sebelum disajikan.,Kaya akan serat dan lemak sehat dari pepaya dan alpukat.<br>Menyediakan nutrisi penting untuk kulit dan pencernaan.,https://tinyurl.com/44cee8fb,12
content-91,Puding Manggis dan Pisang,Manggis<br>Pisang<br>Santan kental<br>Gula kelapa<br>Agar-agar bubuk,Manggis<br>Pisang<br>Santan kental<br>Gula kelapa<br>Agar-agar bubuk,Mengandung serat dan antioksidan dari manggis.<br>Menyediakan energi dan memperkuat sistem kekebalan tubuh dari pisang.,https://tinyurl.com/4b5626bd,12
content-92,Jus Sirsak dan Mangga,Sirsak<br>Mangga<br>Jus jeruk nipis<br>Madu<br>Es batu,Haluskan daging sirsak dan mangga dalam blender.<br>Tambahkan jus jeruk nipis dan madu.<br>Blender hingga halus dan rata.<br>Sajikan dengan es batu jika diinginkan.,Kaya akan vitamin C dan antioksidan dari sirsak dan mangga.<br>Membantu meningkatkan sistem kekebalan tubuh dan pencernaan.,https://tinyurl.com/5edyf5cw,12
content-93,Sorbet Sawo,Sawo matang<br>Air<br>Gula pasir<br>Perasan jeruk lemon,"Kupas dan potong-potong sawo.<br>Blender sawo bersama dengan air, gula, dan perasan jeruk lemon hingga halus.<br>Tuang campuran ke dalam wadah tahan panas.<br>Bekukan dalam freezer selama beberapa jam hingga mengeras.<br>Sajikan saat dingin.",Kaya akan serat dan antioksidan dari sawo.<br>Menyegarkan dan cocok sebagai camilan rendah kalori.,https://tinyurl.com/5n8hbmd8,12
content-94,Smoothie Belimbing dan Pisang,Belimbing<br>Pisang<br>Yoghurt<br>Madu<br>Es batu.,Campurkan semua bahan dalam blender hingga halus <br> kemudian sajikan dingin.,"Smoothie belimbing adalah sumber vitamin C yang sangat baik. Vitamin ini penting untuk mendukung sistem kekebalan tubuh, meningkatkan kesehatan kulit, dan membantu dalam penyembuhan luka.",https://tinyurl.com/3dm7zu4x,8
content-95,Infused Water Belimbing,Irisan belimbing <br>Daun mint <br>Air dingin.,Masukkan irisan belimbing dan daun mint ke dalam air dingin <br>simpan di kulkas selama beberapa jam sebelum disajikan.,"Infused water belimbing adalah pilihan minuman rendah kalori yang ideal untuk mereka yang ingin mengurangi konsumsi minuman manis atau berkalori tinggi. Ini membantu menjaga asupan kalori harian tetap terkendali, yang penting untuk manajemen berat badan.",https://tinyurl.com/mwnm9f7u,8
content-96,"Salad Buah Belimbing,Apel,Anggur,Melon",Belimbing<br>Apel<br>Anggur<br>Melon<br>Yoghurt atau dressing salad.,Potong semua buah <br>Campur dengan yoghurt atau dressing salad favorit <br>Sajikan segar.,"Buah-buahan dalam salad ini rendah kalori tetapi tinggi serat, yang membantu memberikan rasa kenyang lebih lama tanpa menambah banyak kalori.",https://tinyurl.com/mry5aed3,8
content-97,Asinan Belimbing,Belimbing<br>Garam<br>Gula<br>Cabai<br>Air jeruk nipis.,"Iris belimbing<br> Rendam dalam campuran air garam, gula, cabai, dan air jeruk nipis selama beberapa jam",Fermentasi ringan yang terjadi selama proses pengasinan dapat menghasilkan probiotik alami yang bermanfaat untuk keseimbangan bakteri baik di usus.,https://tinyurl.com/yu25tj3d,8
content-98,"Rujak Belimbing,Timun,Pepaya,Nanas","Belimbing<br>Timun<br> Nanas<br> Pepaya<br>Bumbu rujak (gula merah, asam jawa, cabai, garam).",Campur irisan buah dengan bumbu rujak yang telah dihaluskan<br>sajikan dingin.,"Kombinasi buah dan sayur dalam rujak ini memberikan volume makanan dengan sedikit kalori, membantu meningkatkan rasa kenyang tanpa menambah asupan kalori yang signifikan.",https://tinyurl.com/3cafsyzc,8
content-99,Manisan Belimbing,Belimbing<br>Gula<br>Air<br>Garam.,Rebus belimbing dengan gula dan sedikit garam hingga mengental dan air berkurang<br>Keringkan dan sajikan sebagai manisan,"Proses pembuatan manisan menambahkan gula yang menyediakan energi cepat. Ini bisa bermanfaat sebagai sumber energi instan, terutama saat dibutuhkan tambahan tenaga cepat.",https://tinyurl.com/36wysd88,8
content-100,Puding Belimbing,Belimbing<br>Agar-agar<br>Gula<br>Susu.,Masak agar-agar dengan gula dan susu<br>Tambahkan irisan belimbing<br>Biarkan hingga mengeras.,Konsumsi puding belimbing sebagai bagian dari diet yang seimbang bisa membantu dalam proses detoksifikasi tubuh.,https://tinyurl.com/k26sza85,8
content-101,Smoothie Buah Naga,1 buah naga merah atau putih<br>Kupas dan potong dadu<br>1 pisang matang <br>200 ml susu almond atau yogurt <br>1 sdm madu atau sirup maple (opsional) <br>Es batu secukupnya,"Masukkan buah naga, pisang, susu almond atau yogurt, dan es batu ke dalam blender<br>Blender hingga halus dan lembut<br>Tambahkan madu atau sirup maple jika ingin lebih manis <br>Tuang ke dalam gelas dan sajikan segera.","Kaya vit c yang aman akan mendukung sistem kekebalan tubuh,mengandung serat yang banyak membantu pencernaan dan mengenyangkan,Antioksidan melawan radikal bebas dan menjaga kesehatan kulit.",https://tinyurl.com/355a9nbb,9
content-102,Salad Buah Naga,"1 buah naga merah, potong dadu <br>1 mangga, potong dadu<br>1 kiwi, kupas dan potong dadu<br>1 cangkir anggur, belah dua<br>1 sdt air jeruk nipis<br>1 sdm madu (opsional)","Campurkan semua buah dalam mangkuk besar.<br>Tambahkan air jeruk nipis dan madu, aduk hingga rata. <br>Sajikan dingin sebagai hidangan pembuka atau penutup.",Kaya Serat dan Vitamin dapat membantu pencernaan dan memberikan banyak vitamin.,https://tinyurl.com/yvafksra,9
content-103,Puding Buah Naga,"1 buah naga merah, blender hingga halus<br>500 ml susu rendah lemak atau susu nabati<br>100 gram gula pasir (sesuaikan dengan selera)<br>1 sdt ekstrak vanila<br>1 sachet agar-agar bubuk atau gelatin","Campurkan buah naga halus, susu, gula, dan ekstrak vanila dalam panci.<br>Tambahkan agar-agar bubuk atau gelatin, aduk rata.<br>Panaskan campuran di atas api sedang sambil terus diaduk hingga mendidih.<br>Tuang ke dalam cetakan puding, biarkan dingin dan set di dalam kulkas.<br>Sajikan dingin","Mengandung berbagai vitamin dan mineral dari buah naga,Tekstur lembut yang cocok untuk semua usia,Kandungan air dari buah naga membantu hidrasi.",https://tinyurl.com/5fxvccnk,9
content-104,Es Loli Buah Naga,"1 buah naga merah, blender hingga halus<br>1/2 cangkir yogurt rendah lemak atau susu kental manis<br>2 sdm madu atau pemanis alami lainnya","Campurkan buah naga yang sudah dihaluskan, yogurt, dan madu dalam mangkuk.<br>Tuang campuran ke dalam cetakan es loli. <br>Masukkan stik es loli dan bekukan di dalam freezer selama minimal 4 jam.<br>Keluarkan dari cetakan dan nikmati.","Mengandung nutrisi penting dari buah naga dan yogurt, Pilihan yang sehat untuk camilan manis.",https://tinyurl.com/2mux8p9y,9
content-105,Infused Water Buah Naga,"1 buah naga merah, potong dadu kecil<br>1 liter air dingin<br>Daun mint atau basil (opsional) <br>Irisan jeruk nipis atau lemon (opsional)",Masukkan potongan buah naga ke dalam pitcher atau botol. <br>Tambahkan air dingin dan bahan opsional seperti daun mint atau irisan jeruk.<br>Biarkan dalam kulkas selama minimal 2 jam agar rasa buah meresap. <br>Sajikan dingin sebagai minuman menyegarkan.,"Membantu menjaga tubuh tetap terhidrasi, Minuman rendah kalori yang menambah rasa pada air.",https://tinyurl.com/326fb56u,9
content-106,Roti Buah Naga,"300 gram tepung terigu<br>1 buah naga merah, haluskan <br>50 gram gula pasir<br>1 butir telur<br>50 ml susu cair<br>1 sdm ragi instan<br>50 gram mentega<br>Sejumput garam","Campurkan tepung terigu, gula pasir, ragi instan, dan garam dalam mangkuk besar. <br>Tambahkan telur, susu cair, dan buah naga yang telah dihaluskan.<br>Uleni hingga adonan kalis dan elastis. Tambahkan mentega dan uleni lagi hingga tercampur rata.<br>Diamkan adonan selama 1 jam atau hingga mengembang dua kali lipat.<br>Bentuk adonan menjadi bola-bola atau sesuai selera, lalu diamkan kembali selama 15 menit.<br>Panggang dalam oven yang sudah dipanaskan pada suhu 180°C selama 20-25 menit atau hingga matang.<br>Biarkan dingin sebelum disajikan.","Tepung dan gula menyediakan karbohidrat yang diperlukan untuk energi, Buah naga menambah vitamin dan mineral ke dalam roti,Bisa dinikmati kapan saja sebagai bagian dari diet seimbang.",https://tinyurl.com/555taufs,9
content-107,Sorbet Buah Naga,"2 buah naga merah, haluskan<br>100 gram gula pasir<br>1 sdt air jeruk nipis<br>200 ml air","Campurkan gula dan air dalam panci, masak hingga gula larut.<br>Dinginkan sirup gula tersebut.<br>Campurkan buah naga halus dan air jeruk nipis ke dalam sirup gula yang sudah dingin.<br>Tuang campuran ke dalam wadah dan bekukan di dalam freezer.<br>Aduk setiap 30 menit selama 2-3 jam untuk mendapatkan tekstur yang lembut.<br>Sajikan sebagai hidangan penutup yang menyegarkan.","Menyegarkan dan memberikan asupan vitamin C, Sorbet adalah pilihan penutup yang lebih sehat dibandingkan dengan es krim.",https://tinyurl.com/3dvdhxy5,9
content-108,Muffin Buah Naga,"250 gram tepung terigu<br>1 sdt baking powder<br>1/2 sdt baking soda<br>150 gram gula pasir<br>2 butir telur<br>100 ml minyak sayur<br>1 buah naga merah, haluskan<br>100 ml susu cair","Panaskan oven pada suhu 180°C dan siapkan cetakan muffin.<br>Campurkan tepung terigu, baking powder, dan baking soda dalam mangkuk besar.<br>Dalam mangkuk lain, kocok telur dan gula hingga mengembang.<br>Tambahkan minyak sayur, susu, dan buah naga halus ke dalam campuran telur, aduk hingga rata.<br>Masukkan campuran basah ke dalam campuran tepung, aduk hingga tercampur rata (jangan overmix).<br>Tuang adonan ke dalam cetakan muffin dan panggang selama 20-25 menit hingga matang.<br>Biarkan muffin dingin sebelum disajikan.","Muffin menyediakan karbohidrat dan vitamin dari buah naga, Bisa menjadi camilan yang lebih sehat jika dibandingkan dengan muffin yang diproses secara komersial",https://tinyurl.com/2ut4k4ue,9
content-109,Jus Alpukat,"3 buah Alpukat, blender hingga halus<br>Susu kental manis<br>3 sendok makan gula<br>2 Gelas air matang<br>Es Secukupnya",,,,
content-110,Alpukat Kocok,1 buah Alpukat<br>1 sdm SKM,,,,
content-111,Asinan Rambutan,1 tangkai rambutan kupas kulit<br>1 potong nanas (optional)<br>3 cabai rawit<br>3 cabai keriting<br>1 sdt Garam<br>2 sdt Gula pasir<br>1 jeruk limau<br>1 jeruk nipis,,,,
content-112,Milk Shake Durian With Cream & Cheese,288 gr daging buah durian<br>5 sdm SKM (bisa ditambah jika kurang manis)<br>500 ml air es<br>100 gr es batu<br>150 gr Whipped cream<br>100 gr keju cheddar parut,,,,
content-113,Es Lilin Durian,500 gram daging durian<br>500 ml susu putih cair<br>3 sdm susu putih bubuk<br>500 ml air putih<br>100 ml santan instan<br>1/2 Kaleng kental manis<br>1/4 sdt garam<br>25 gr maizena + 50 ml air<br>3 sachet gula diabetic,,,,
content-114,Telur Alpukat Panggang,"100 gr alpukat matang (berat tanpa biji, belah jadi 2)<br>110 gr telur<br>50 gr tomat<br>Secukupnya pre seledri<br>Secukupnya garam dan lada bubuk<br>perasan air lemon(opsional)",,,,
content-115,Egg and Avocado Sandwich,2 potong roti<br>butter atau margarine untuk olesan roti<br>1/2 alpukat matang<br>1 butir telur<br>secukupnya tomat<br>daun salad<br>secukupnya garam dan lada hitam,,,,
content-116,Salad telor alpukat,1 butir<br>1 buah alpukat ukuran sedang<br>1 buah tomat<br>2 sdm<br>2 sdm saos tomat/saus sambal<br>1 sdt winyak wijen<br>secukupnya Selada<br>secukupnya Wijen,,,,
content-117,Es Timun Serut Jeruk Nipis,"2 buah Timun kecil<br>1 sdt Selasih Rendam air panas<br>1 buah jeruk nipis (peras 1/2, sisa iris tipis)<br>4 sdm gula pasir<br>500 ml Air Dingin<br>Secukupnya Es batu",,,,
content-118,Lemongrass Tea with Honey & Lime,"8 batang Sereh (Cuci bersih, Potong sedang lalu Geprek)<br>3 Gelas Air<br>8 lembar Daun Jeruk (buang tulang daun lalu iris sedang) - Optional<br>2 buah Jeruk Nipis / Lemon jg boleh<br>Sedikit Gula pasir - Optional<br>Secukupnya Madu sesuai selera",,,,